[
    {
        "name": "Overflowing with Secrets",
        "isPremium": false
    },
    {
        "name": "No Context",
        "isPremium": false
    },
    {
        "name": "You've Been Reinstated",
        "isPremium": false
    },
    {
        "name": "I get by with a little /help from my friends",
        "isPremium": false
    },
    {
        "name": "JS Console Adventures",
        "isPremium": true
    },
    {
        "name": "Gotta Go Fast",
        "isPremium": true
    }
]